"workerId","movie0","movie1","movie2"
"55b142b8fdf99b43fb57ab9f",183,195,47
"55b142b8fdf99b43fb57ab9f",127,123,17
"55b142b8fdf99b43fb57ab9f",141,104,85
"55b142b8fdf99b43fb57ab9f",49,74,103
"55b142b8fdf99b43fb57ab9f",33,34,73
"55b142b8fdf99b43fb57ab9f",180,190,62
"55b142b8fdf99b43fb57ab9f",27,29,69
"55b142b8fdf99b43fb57ab9f",197,31,176
"55b142b8fdf99b43fb57ab9f",145,169,42
"55b142b8fdf99b43fb57ab9f",21,28,3
"55b142b8fdf99b43fb57ab9f",47,59,183
"55b142b8fdf99b43fb57ab9f",17,7,127
"55b142b8fdf99b43fb57ab9f",85,86,141
"55b142b8fdf99b43fb57ab9f",103,7,49
"55b142b8fdf99b43fb57ab9f",73,97,33
"55b142b8fdf99b43fb57ab9f",62,170,180
"55b142b8fdf99b43fb57ab9f",69,75,27
"55b142b8fdf99b43fb57ab9f",176,165,197
"55b142b8fdf99b43fb57ab9f",42,52,145
"55b142b8fdf99b43fb57ab9f",3,170,21
"55c90bc3fdf99b526d9b830e",186,31,44
"55c90bc3fdf99b526d9b830e",123,105,55
"55c90bc3fdf99b526d9b830e",141,104,11
"55c90bc3fdf99b526d9b830e",145,130,46
"55c90bc3fdf99b526d9b830e",183,182,150
"55c90bc3fdf99b526d9b830e",85,82,103
"55c90bc3fdf99b526d9b830e",93,86,17
"55c90bc3fdf99b526d9b830e",95,40,21
"55c90bc3fdf99b526d9b830e",44,52,186
"55c90bc3fdf99b526d9b830e",55,50,123
"55c90bc3fdf99b526d9b830e",11,5,141
"55c90bc3fdf99b526d9b830e",46,43,145
"55c90bc3fdf99b526d9b830e",150,59,183
"55c90bc3fdf99b526d9b830e",103,17,85
"55c90bc3fdf99b526d9b830e",17,0,93
"55c90bc3fdf99b526d9b830e",21,28,95
"55deb66404fec5001160729f",93,84,17
"55deb66404fec5001160729f",184,193,44
"55deb66404fec5001160729f",12,7,85
"55deb66404fec5001160729f",20,188,146
"55deb66404fec5001160729f",158,152,39
"55deb66404fec5001160729f",145,169,46
"55deb66404fec5001160729f",17,7,93
"55deb66404fec5001160729f",44,58,184
"55deb66404fec5001160729f",85,86,12
"55deb66404fec5001160729f",146,168,20
"55deb66404fec5001160729f",39,92,158
"55deb66404fec5001160729f",46,65,145
"55f6be3a32af74000b17021c",49,74,9
"55f6be3a32af74000b17021c",184,192,44
"55f6be3a32af74000b17021c",188,87,57
"55f6be3a32af74000b17021c",186,31,41
"55f6be3a32af74000b17021c",127,131,65
"55f6be3a32af74000b17021c",183,195,147
"55f6be3a32af74000b17021c",180,190,42
"55f6be3a32af74000b17021c",26,24,125
"55f6be3a32af74000b17021c",17,0,97
"55f6be3a32af74000b17021c",148,3,193
"55f6be3a32af74000b17021c",130,145,95
"55f6be3a32af74000b17021c",119,102,197
"55f6be3a32af74000b17021c",9,2,49
"55f6be3a32af74000b17021c",44,58,184
"55f6be3a32af74000b17021c",57,50,188
"55f6be3a32af74000b17021c",41,46,186
"55f6be3a32af74000b17021c",65,74,127
"55f6be3a32af74000b17021c",147,47,183
"55f6be3a32af74000b17021c",42,58,180
"55f6be3a32af74000b17021c",125,132,26
"55f6be3a32af74000b17021c",97,59,17
"55f6be3a32af74000b17021c",193,29,148
"55f6be3a32af74000b17021c",95,40,130
"55f6be3a32af74000b17021c",197,31,119
"56153d5e7ffc8a000a811ba8",183,195,59
"56153d5e7ffc8a000a811ba8",127,131,44
"56153d5e7ffc8a000a811ba8",40,53,199
"56153d5e7ffc8a000a811ba8",133,131,16
"56153d5e7ffc8a000a811ba8",158,152,38
"56153d5e7ffc8a000a811ba8",168,170,71
"56153d5e7ffc8a000a811ba8",60,74,94
"56153d5e7ffc8a000a811ba8",150,59,39
"56153d5e7ffc8a000a811ba8",59,47,183
"56153d5e7ffc8a000a811ba8",44,53,127
"56153d5e7ffc8a000a811ba8",199,198,40
"56153d5e7ffc8a000a811ba8",16,19,133
"56153d5e7ffc8a000a811ba8",38,198,158
"56153d5e7ffc8a000a811ba8",71,74,168
"56153d5e7ffc8a000a811ba8",94,91,60
"56153d5e7ffc8a000a811ba8",39,92,150
"56296779c8ffc200055134c9",55,51,183
"56296779c8ffc200055134c9",186,31,170
"56296779c8ffc200055134c9",184,35,17
"56296779c8ffc200055134c9",20,87,97
"56296779c8ffc200055134c9",29,90,75
"56296779c8ffc200055134c9",146,62,193
"56296779c8ffc200055134c9",183,195,55
"56296779c8ffc200055134c9",170,179,186
"56296779c8ffc200055134c9",17,7,184
"56296779c8ffc200055134c9",97,59,20
"56296779c8ffc200055134c9",75,67,29
"56296779c8ffc200055134c9",193,199,146
"56476779d01e6b0016728210",55,51,183
"56476779d01e6b0016728210",12,7,174
"56476779d01e6b0016728210",113,162,184
"56476779d01e6b0016728210",16,15,139
"56476779d01e6b0016728210",125,132,42
"56476779d01e6b0016728210",100,134,40
"56476779d01e6b0016728210",86,85,2
"56476779d01e6b0016728210",93,85,17
"56476779d01e6b0016728210",115,188,62
"56476779d01e6b0016728210",96,33,3
"56476779d01e6b0016728210",29,27,151
"56476779d01e6b0016728210",143,68,92
"56476779d01e6b0016728210",183,182,55
"56476779d01e6b0016728210",174,168,12
"56476779d01e6b0016728210",184,29,113
"56476779d01e6b0016728210",139,164,16
"56476779d01e6b0016728210",42,48,125
"56476779d01e6b0016728210",40,53,100
"56476779d01e6b0016728210",2,10,86
"56476779d01e6b0016728210",17,15,93
"56476779d01e6b0016728210",62,168,115
"56476779d01e6b0016728210",3,10,96
"56476779d01e6b0016728210",151,69,29
"56476779d01e6b0016728210",92,39,143
"56688e5d5bd4ff001114f2da",96,99,154
"56688e5d5bd4ff001114f2da",155,119,38
"56688e5d5bd4ff001114f2da",179,170,27
"56688e5d5bd4ff001114f2da",127,132,17
"56688e5d5bd4ff001114f2da",16,18,101
"56688e5d5bd4ff001114f2da",33,34,73
"56688e5d5bd4ff001114f2da",62,146,85
"56688e5d5bd4ff001114f2da",134,167,83
"56688e5d5bd4ff001114f2da",154,157,96
"56688e5d5bd4ff001114f2da",38,25,155
"56688e5d5bd4ff001114f2da",27,34,179
"56688e5d5bd4ff001114f2da",17,102,127
"56688e5d5bd4ff001114f2da",101,132,16
"56688e5d5bd4ff001114f2da",73,97,33
"56688e5d5bd4ff001114f2da",85,99,62
"56688e5d5bd4ff001114f2da",83,143,134
"568aab53316b10000d50d76b",123,127,14
"568aab53316b10000d50d76b",113,162,184
"568aab53316b10000d50d76b",16,19,175
"568aab53316b10000d50d76b",1,117,161
"568aab53316b10000d50d76b",157,158,105
"568aab53316b10000d50d76b",14,10,123
"568aab53316b10000d50d76b",184,23,113
"568aab53316b10000d50d76b",175,174,16
"568aab53316b10000d50d76b",161,77,1
"568aab53316b10000d50d76b",105,131,157
"56a757a95ad8d9000c970c76",44,52,183
"56a757a95ad8d9000c970c76",123,105,49
"56a757a95ad8d9000c970c76",14,10,43
"56a757a95ad8d9000c970c76",195,192,42
"56a757a95ad8d9000c970c76",133,163,1
"56a757a95ad8d9000c970c76",183,182,44
"56a757a95ad8d9000c970c76",49,57,123
"56a757a95ad8d9000c970c76",43,56,14
"56a757a95ad8d9000c970c76",42,56,195
"56a757a95ad8d9000c970c76",1,14,133
"56a938f911926500056eaa53",49,65,2
"56a938f911926500056eaa53",131,122,55
"56a938f911926500056eaa53",135,77,32
"56a938f911926500056eaa53",161,77,31
"56a938f911926500056eaa53",145,130,42
"56a938f911926500056eaa53",141,104,85
"56a938f911926500056eaa53",119,102,78
"56a938f911926500056eaa53",46,51,117
"56a938f911926500056eaa53",14,1,47
"56a938f911926500056eaa53",174,175,183
"56a938f911926500056eaa53",105,136,95
"56a938f911926500056eaa53",195,182,118
"56a938f911926500056eaa53",147,89,103
"56a938f911926500056eaa53",26,71,146
"56a938f911926500056eaa53",2,9,49
"56a938f911926500056eaa53",55,51,131
"56a938f911926500056eaa53",32,22,135
"56a938f911926500056eaa53",31,186,161
"56a938f911926500056eaa53",42,54,145
"56a938f911926500056eaa53",85,82,141
"56a938f911926500056eaa53",78,71,119
"56a938f911926500056eaa53",117,1,46
"56a938f911926500056eaa53",47,58,14
"56a938f911926500056eaa53",183,182,174
"56a938f911926500056eaa53",95,81,105
"56a938f911926500056eaa53",118,89,195
"56a938f911926500056eaa53",103,17,147
"56a938f911926500056eaa53",146,152,26
"56c393c495cf7f000b956b25",112,138,79
"56c393c495cf7f000b956b25",2,14,171
"56c393c495cf7f000b956b25",155,14,28
"56c393c495cf7f000b956b25",79,55,112
"56c393c495cf7f000b956b25",171,89,2
"56c393c495cf7f000b956b25",28,21,155
"56c9bc2b10a82f000dffd659",157,154,105
"56c9bc2b10a82f000dffd659",127,131,44
"56c9bc2b10a82f000dffd659",130,131,28
"56c9bc2b10a82f000dffd659",105,131,157
"56c9bc2b10a82f000dffd659",44,57,127
"56c9bc2b10a82f000dffd659",28,72,130
"56cb3d8c08d730000afd2f12",186,31,44
"56cb3d8c08d730000afd2f12",49,65,2
"56cb3d8c08d730000afd2f12",184,192,146
"56cb3d8c08d730000afd2f12",44,58,186
"56cb3d8c08d730000afd2f12",2,10,49
"56cb3d8c08d730000afd2f12",146,174,184
"56f7982b35c4760006278c61",9,2,79
"56f7982b35c4760006278c61",46,56,117
"56f7982b35c4760006278c61",81,53,21
"56f7982b35c4760006278c61",79,55,9
"56f7982b35c4760006278c61",117,119,46
"56f7982b35c4760006278c61",21,28,81
"5717864c94d4fc001297198d",127,139,65
"5717864c94d4fc001297198d",131,139,59
"5717864c94d4fc001297198d",161,77,9
"5717864c94d4fc001297198d",195,20,57
"5717864c94d4fc001297198d",180,190,147
"5717864c94d4fc001297198d",123,126,44
"5717864c94d4fc001297198d",14,2,182
"5717864c94d4fc001297198d",199,198,148
"5717864c94d4fc001297198d",50,45,169
"5717864c94d4fc001297198d",94,98,197
"5717864c94d4fc001297198d",65,49,127
"5717864c94d4fc001297198d",59,47,131
"5717864c94d4fc001297198d",9,2,161
"5717864c94d4fc001297198d",57,51,195
"5717864c94d4fc001297198d",147,47,180
"5717864c94d4fc001297198d",44,45,123
"5717864c94d4fc001297198d",182,195,14
"5717864c94d4fc001297198d",148,3,199
"5717864c94d4fc001297198d",169,145,50
"5717864c94d4fc001297198d",197,31,94
"571de12713b1b70012be47f6",55,51,167
"571de12713b1b70012be47f6",113,162,184
"571de12713b1b70012be47f6",104,141,41
"571de12713b1b70012be47f6",95,40,2
"571de12713b1b70012be47f6",1,117,192
"571de12713b1b70012be47f6",167,166,55
"571de12713b1b70012be47f6",184,29,113
"571de12713b1b70012be47f6",41,54,104
"571de12713b1b70012be47f6",2,10,95
"571de12713b1b70012be47f6",192,20,1
"5739859f12d1d8000735c216",186,31,6
"5739859f12d1d8000735c216",1,14,184
"5739859f12d1d8000735c216",168,170,71
"5739859f12d1d8000735c216",93,94,7
"5739859f12d1d8000735c216",193,38,178
"5739859f12d1d8000735c216",109,136,47
"5739859f12d1d8000735c216",157,158,105
"5739859f12d1d8000735c216",65,66,103
"5739859f12d1d8000735c216",135,77,92
"5739859f12d1d8000735c216",188,38,148
"5739859f12d1d8000735c216",5,78,76
"5739859f12d1d8000735c216",100,128,83
"5739859f12d1d8000735c216",6,3,186
"5739859f12d1d8000735c216",184,29,1
"5739859f12d1d8000735c216",71,78,168
"5739859f12d1d8000735c216",7,17,93
"5739859f12d1d8000735c216",178,136,193
"5739859f12d1d8000735c216",47,44,109
"5739859f12d1d8000735c216",105,136,157
"5739859f12d1d8000735c216",103,17,65
"5739859f12d1d8000735c216",92,39,135
"5739859f12d1d8000735c216",148,3,188
"5739859f12d1d8000735c216",76,73,5
"5739859f12d1d8000735c216",83,73,100
"575aee8152c3fe00091a6252",113,162,184
"575aee8152c3fe00091a6252",96,34,135
"575aee8152c3fe00091a6252",100,128,6
"575aee8152c3fe00091a6252",120,129,83
"575aee8152c3fe00091a6252",184,192,113
"575aee8152c3fe00091a6252",135,64,96
"575aee8152c3fe00091a6252",6,3,100
"575aee8152c3fe00091a6252",83,73,120
"5772908d908f1d0001c38893",2,9,135
"5772908d908f1d0001c38893",122,109,59
"5772908d908f1d0001c38893",184,23,44
"5772908d908f1d0001c38893",195,183,47
"5772908d908f1d0001c38893",14,11,57
"5772908d908f1d0001c38893",127,109,17
"5772908d908f1d0001c38893",1,14,192
"5772908d908f1d0001c38893",29,193,151
"5772908d908f1d0001c38893",155,14,41
"5772908d908f1d0001c38893",102,15,152
"5772908d908f1d0001c38893",20,188,146
"5772908d908f1d0001c38893",60,74,94
"5772908d908f1d0001c38893",125,132,154
"5772908d908f1d0001c38893",115,30,172
"5772908d908f1d0001c38893",135,77,2
"5772908d908f1d0001c38893",59,53,122
"5772908d908f1d0001c38893",44,52,184
"5772908d908f1d0001c38893",47,53,195
"5772908d908f1d0001c38893",57,51,14
"5772908d908f1d0001c38893",17,7,127
"5772908d908f1d0001c38893",192,183,1
"5772908d908f1d0001c38893",151,147,29
"5772908d908f1d0001c38893",41,54,155
"5772908d908f1d0001c38893",152,158,102
"5772908d908f1d0001c38893",146,168,20
"5772908d908f1d0001c38893",94,91,60
"5772908d908f1d0001c38893",154,158,125
"5772908d908f1d0001c38893",172,171,115
"577d9254c6144900014a0083",109,122,59
"577d9254c6144900014a0083",49,65,2
"577d9254c6144900014a0083",183,182,57
"577d9254c6144900014a0083",172,162,38
"577d9254c6144900014a0083",131,122,154
"577d9254c6144900014a0083",123,127,14
"577d9254c6144900014a0083",46,43,117
"577d9254c6144900014a0083",20,198,97
"577d9254c6144900014a0083",195,192,64
"577d9254c6144900014a0083",81,52,31
"577d9254c6144900014a0083",100,128,40
"577d9254c6144900014a0083",59,47,109
"577d9254c6144900014a0083",2,9,49
"577d9254c6144900014a0083",57,51,183
"577d9254c6144900014a0083",38,37,172
"577d9254c6144900014a0083",154,157,131
"577d9254c6144900014a0083",14,2,123
"577d9254c6144900014a0083",117,119,46
"577d9254c6144900014a0083",97,47,20
"577d9254c6144900014a0083",64,77,195
"577d9254c6144900014a0083",31,197,81
"577d9254c6144900014a0083",40,53,100
"578673a9275be6000135880e",127,131,44
"578673a9275be6000135880e",93,84,7
"578673a9275be6000135880e",109,131,59
"578673a9275be6000135880e",1,117,184
"578673a9275be6000135880e",96,34,3
"578673a9275be6000135880e",192,193,69
"578673a9275be6000135880e",47,97,101
"578673a9275be6000135880e",44,58,127
"578673a9275be6000135880e",7,17,93
"578673a9275be6000135880e",59,147,109
"578673a9275be6000135880e",184,29,1
"578673a9275be6000135880e",3,156,96
"578673a9275be6000135880e",69,147,192
"578673a9275be6000135880e",101,131,47
"57a2fa91c9abeb0001af56d9",188,87,57
"57a2fa91c9abeb0001af56d9",127,122,44
"57a2fa91c9abeb0001af56d9",179,166,27
"57a2fa91c9abeb0001af56d9",57,58,188
"57a2fa91c9abeb0001af56d9",44,81,127
"57a2fa91c9abeb0001af56d9",27,29,179
"57b5b037df22f70001e0bbfd",183,195,118
"57b5b037df22f70001e0bbfd",180,190,41
"57b5b037df22f70001e0bbfd",113,112,184
"57b5b037df22f70001e0bbfd",119,102,76
"57b5b037df22f70001e0bbfd",118,171,183
"57b5b037df22f70001e0bbfd",41,42,180
"57b5b037df22f70001e0bbfd",184,193,113
"57b5b037df22f70001e0bbfd",76,73,119
"57c2ed9e5b8c510001af5a1c",192,184,85
"57c2ed9e5b8c510001af5a1c",113,162,31
"57c2ed9e5b8c510001af5a1c",94,93,32
"57c2ed9e5b8c510001af5a1c",100,134,78
"57c2ed9e5b8c510001af5a1c",20,198,97
"57c2ed9e5b8c510001af5a1c",115,188,62
"57c2ed9e5b8c510001af5a1c",30,22,91
"57c2ed9e5b8c510001af5a1c",101,131,6
"57c2ed9e5b8c510001af5a1c",109,131,83
"57c2ed9e5b8c510001af5a1c",21,28,146
"57c2ed9e5b8c510001af5a1c",85,86,192
"57c2ed9e5b8c510001af5a1c",31,186,113
"57c2ed9e5b8c510001af5a1c",32,22,94
"57c2ed9e5b8c510001af5a1c",78,5,100
"57c2ed9e5b8c510001af5a1c",97,59,20
"57c2ed9e5b8c510001af5a1c",62,168,115
"57c2ed9e5b8c510001af5a1c",91,93,30
"57c2ed9e5b8c510001af5a1c",6,3,101
"57c2ed9e5b8c510001af5a1c",83,73,109
"57c2ed9e5b8c510001af5a1c",146,69,21
"57d13a86f0078200018a06b5",123,127,55
"57d13a86f0078200018a06b5",188,189,57
"57d13a86f0078200018a06b5",158,152,31
"57d13a86f0078200018a06b5",73,83,92
"57d13a86f0078200018a06b5",55,79,123
"57d13a86f0078200018a06b5",57,79,188
"57d13a86f0078200018a06b5",31,186,158
"57d13a86f0078200018a06b5",92,39,73
"58064d91f25c440001678a10",127,131,65
"58064d91f25c440001678a10",100,124,40
"58064d91f25c440001678a10",1,14,161
"58064d91f25c440001678a10",130,125,41
"58064d91f25c440001678a10",155,14,86
"58064d91f25c440001678a10",188,199,148
"58064d91f25c440001678a10",119,102,31
"58064d91f25c440001678a10",65,49,127
"58064d91f25c440001678a10",40,54,100
"58064d91f25c440001678a10",161,77,1
"58064d91f25c440001678a10",41,54,130
"58064d91f25c440001678a10",86,85,155
"58064d91f25c440001678a10",148,140,188
"58064d91f25c440001678a10",31,197,119
"5810f69c7d3e6d0001df29a5",183,195,41
"5810f69c7d3e6d0001df29a5",141,104,16
"5810f69c7d3e6d0001df29a5",12,17,174
"5810f69c7d3e6d0001df29a5",130,145,89
"5810f69c7d3e6d0001df29a5",184,35,146
"5810f69c7d3e6d0001df29a5",54,48,145
"5810f69c7d3e6d0001df29a5",168,170,92
"5810f69c7d3e6d0001df29a5",99,34,73
"5810f69c7d3e6d0001df29a5",28,21,98
"5810f69c7d3e6d0001df29a5",91,93,197
"5810f69c7d3e6d0001df29a5",41,42,183
"5810f69c7d3e6d0001df29a5",16,19,141
"5810f69c7d3e6d0001df29a5",174,168,12
"5810f69c7d3e6d0001df29a5",89,171,130
"5810f69c7d3e6d0001df29a5",146,143,184
"5810f69c7d3e6d0001df29a5",145,169,54
"5810f69c7d3e6d0001df29a5",92,39,168
"5810f69c7d3e6d0001df29a5",73,83,99
"5810f69c7d3e6d0001df29a5",98,94,28
"5810f69c7d3e6d0001df29a5",197,181,91
"581ccd016c73180001fa5b2a",2,9,178
"581ccd016c73180001fa5b2a",85,86,7
"581ccd016c73180001fa5b2a",195,29,47
"581ccd016c73180001fa5b2a",131,127,97
"581ccd016c73180001fa5b2a",180,190,64
"581ccd016c73180001fa5b2a",111,105,32
"581ccd016c73180001fa5b2a",94,98,149
"581ccd016c73180001fa5b2a",156,170,181
"581ccd016c73180001fa5b2a",178,164,2
"581ccd016c73180001fa5b2a",7,17,85
"581ccd016c73180001fa5b2a",47,59,195
"581ccd016c73180001fa5b2a",97,59,131
"581ccd016c73180001fa5b2a",64,77,180
"581ccd016c73180001fa5b2a",32,22,111
"581ccd016c73180001fa5b2a",149,157,94
"581ccd016c73180001fa5b2a",181,197,156
"5829f8eed7e5ff0001ff7d8d",123,127,49
"5829f8eed7e5ff0001ff7d8d",157,142,183
"5829f8eed7e5ff0001ff7d8d",127,131,65
"5829f8eed7e5ff0001ff7d8d",130,131,60
"5829f8eed7e5ff0001ff7d8d",44,53,111
"5829f8eed7e5ff0001ff7d8d",49,65,123
"5829f8eed7e5ff0001ff7d8d",183,195,157
"5829f8eed7e5ff0001ff7d8d",65,51,127
"5829f8eed7e5ff0001ff7d8d",60,65,130
"5829f8eed7e5ff0001ff7d8d",111,105,44
"5836e4bda37e9b000108c2ac",109,163,47
"5836e4bda37e9b000108c2ac",1,14,184
"5836e4bda37e9b000108c2ac",133,163,51
"5836e4bda37e9b000108c2ac",49,79,2
"5836e4bda37e9b000108c2ac",29,90,143
"5836e4bda37e9b000108c2ac",9,14,171
"5836e4bda37e9b000108c2ac",140,148,181
"5836e4bda37e9b000108c2ac",47,59,109
"5836e4bda37e9b000108c2ac",184,192,1
"5836e4bda37e9b000108c2ac",51,55,133
"5836e4bda37e9b000108c2ac",2,14,49
"5836e4bda37e9b000108c2ac",143,68,29
"5836e4bda37e9b000108c2ac",171,118,9
"5836e4bda37e9b000108c2ac",181,197,140
"5845438d00ab29000107a924",119,155,31
"5845438d00ab29000107a924",55,57,167
"5845438d00ab29000107a924",14,155,47
"5845438d00ab29000107a924",102,15,89
"5845438d00ab29000107a924",29,193,147
"5845438d00ab29000107a924",195,20,69
"5845438d00ab29000107a924",31,186,119
"5845438d00ab29000107a924",167,168,55
"5845438d00ab29000107a924",47,59,14
"5845438d00ab29000107a924",89,171,102
"5845438d00ab29000107a924",147,47,29
"5845438d00ab29000107a924",69,75,195
"5855b0d59fcc070001dfe2a7",131,127,42
"5855b0d59fcc070001dfe2a7",47,147,31
"5855b0d59fcc070001dfe2a7",12,7,174
"5855b0d59fcc070001dfe2a7",133,109,79
"5855b0d59fcc070001dfe2a7",119,117,46
"5855b0d59fcc070001dfe2a7",100,124,40
"5855b0d59fcc070001dfe2a7",49,57,17
"5855b0d59fcc070001dfe2a7",155,117,69
"5855b0d59fcc070001dfe2a7",1,117,92
"5855b0d59fcc070001dfe2a7",42,54,131
"5855b0d59fcc070001dfe2a7",31,186,47
"5855b0d59fcc070001dfe2a7",174,168,12
"5855b0d59fcc070001dfe2a7",79,55,133
"5855b0d59fcc070001dfe2a7",46,43,119
"5855b0d59fcc070001dfe2a7",40,54,100
"5855b0d59fcc070001dfe2a7",17,103,49
"5855b0d59fcc070001dfe2a7",69,151,155
"5855b0d59fcc070001dfe2a7",92,39,1
"5892778ca154b000018f35ea",81,53,186
"5892778ca154b000018f35ea",78,5,168
"5892778ca154b000018f35ea",172,162,38
"5892778ca154b000018f35ea",141,104,11
"5892778ca154b000018f35ea",12,17,54
"5892778ca154b000018f35ea",40,53,7
"5892778ca154b000018f35ea",158,152,17
"5892778ca154b000018f35ea",186,31,81
"5892778ca154b000018f35ea",168,174,78
"5892778ca154b000018f35ea",38,24,172
"5892778ca154b000018f35ea",11,5,141
"5892778ca154b000018f35ea",54,42,12
"5892778ca154b000018f35ea",7,17,40
"5892778ca154b000018f35ea",17,0,158
"58a4d25f7cf56d0001f92066",1,14,184
"58a4d25f7cf56d0001f92066",119,155,20
"58a4d25f7cf56d0001f92066",12,7,127
"58a4d25f7cf56d0001f92066",157,154,105
"58a4d25f7cf56d0001f92066",85,82,103
"58a4d25f7cf56d0001f92066",9,14,91
"58a4d25f7cf56d0001f92066",86,94,145
"58a4d25f7cf56d0001f92066",28,21,98
"58a4d25f7cf56d0001f92066",184,192,1
"58a4d25f7cf56d0001f92066",20,198,119
"58a4d25f7cf56d0001f92066",127,131,12
"58a4d25f7cf56d0001f92066",105,164,157
"58a4d25f7cf56d0001f92066",103,17,85
"58a4d25f7cf56d0001f92066",91,94,9
"58a4d25f7cf56d0001f92066",145,130,86
"58a4d25f7cf56d0001f92066",98,94,28
"58a879bac5bcf000011b15d7",123,127,65
"58a879bac5bcf000011b15d7",55,49,2
"58a879bac5bcf000011b15d7",139,109,59
"58a879bac5bcf000011b15d7",163,138,11
"58a879bac5bcf000011b15d7",131,127,83
"58a879bac5bcf000011b15d7",65,49,123
"58a879bac5bcf000011b15d7",2,9,55
"58a879bac5bcf000011b15d7",59,53,139
"58a879bac5bcf000011b15d7",11,14,163
"58a879bac5bcf000011b15d7",83,143,131
"58c0084797641c0001f20649",186,31,42
"58c0084797641c0001f20649",86,85,9
"58c0084797641c0001f20649",109,163,59
"58c0084797641c0001f20649",93,84,115
"58c0084797641c0001f20649",14,2,127
"58c0084797641c0001f20649",102,107,143
"58c0084797641c0001f20649",6,3,193
"58c0084797641c0001f20649",195,20,146
"58c0084797641c0001f20649",20,38,97
"58c0084797641c0001f20649",21,28,151
"58c0084797641c0001f20649",42,54,186
"58c0084797641c0001f20649",9,2,86
"58c0084797641c0001f20649",59,53,109
"58c0084797641c0001f20649",115,107,93
"58c0084797641c0001f20649",127,139,14
"58c0084797641c0001f20649",143,68,102
"58c0084797641c0001f20649",193,38,6
"58c0084797641c0001f20649",146,69,195
"58c0084797641c0001f20649",97,73,20
"58c0084797641c0001f20649",151,3,21
"58c5455ac7ed3f000116d32c",47,59,31
"58c5455ac7ed3f000116d32c",105,164,65
"58c5455ac7ed3f000116d32c",155,119,41
"58c5455ac7ed3f000116d32c",125,132,17
"58c5455ac7ed3f000116d32c",31,186,47
"58c5455ac7ed3f000116d32c",65,49,105
"58c5455ac7ed3f000116d32c",41,42,155
"58c5455ac7ed3f000116d32c",17,15,125
"58e3d05043f50400011ea6f5",123,127,44
"58e3d05043f50400011ea6f5",195,20,42
"58e3d05043f50400011ea6f5",188,20,57
"58e3d05043f50400011ea6f5",86,85,72
"58e3d05043f50400011ea6f5",2,10,135
"58e3d05043f50400011ea6f5",14,10,34
"58e3d05043f50400011ea6f5",95,40,132
"58e3d05043f50400011ea6f5",12,17,54
"58e3d05043f50400011ea6f5",49,46,193
"58e3d05043f50400011ea6f5",174,62,38
"58e3d05043f50400011ea6f5",66,74,96
"58e3d05043f50400011ea6f5",192,20,143
"58e3d05043f50400011ea6f5",94,98,197
"58e3d05043f50400011ea6f5",150,59,39
"58e3d05043f50400011ea6f5",44,48,123
"58e3d05043f50400011ea6f5",42,48,195
"58e3d05043f50400011ea6f5",57,48,188
"58e3d05043f50400011ea6f5",72,28,86
"58e3d05043f50400011ea6f5",135,77,2
"58e3d05043f50400011ea6f5",34,25,14
"58e3d05043f50400011ea6f5",132,127,95
"58e3d05043f50400011ea6f5",54,45,12
"58e3d05043f50400011ea6f5",193,20,49
"58e3d05043f50400011ea6f5",38,24,174
"58e3d05043f50400011ea6f5",96,25,66
"58e3d05043f50400011ea6f5",143,69,192
"58e3d05043f50400011ea6f5",197,31,94
"58e3d05043f50400011ea6f5",39,92,150
"58ef56a79fbdde00011e9656",16,19,32
"58ef56a79fbdde00011e9656",104,141,60
"58ef56a79fbdde00011e9656",29,90,143
"58ef56a79fbdde00011e9656",33,22,73
"58ef56a79fbdde00011e9656",32,22,16
"58ef56a79fbdde00011e9656",60,65,104
"58ef56a79fbdde00011e9656",143,147,29
"58ef56a79fbdde00011e9656",73,76,33
"58fc6017ee99a700012ce5d8",123,127,65
"58fc6017ee99a700012ce5d8",29,90,47
"58fc6017ee99a700012ce5d8",95,40,102
"58fc6017ee99a700012ce5d8",101,127,154
"58fc6017ee99a700012ce5d8",65,49,123
"58fc6017ee99a700012ce5d8",47,58,29
"58fc6017ee99a700012ce5d8",102,15,95
"58fc6017ee99a700012ce5d8",154,157,101
"58fcf3c797ddae0001a66535",183,182,79
"58fcf3c797ddae0001a66535",29,184,47
"58fcf3c797ddae0001a66535",12,17,149
"58fcf3c797ddae0001a66535",79,74,183
"58fcf3c797ddae0001a66535",47,97,29
"58fcf3c797ddae0001a66535",149,157,12
"591e2e99529e9f0001ec705a",161,77,199
"591e2e99529e9f0001ec705a",184,20,44
"591e2e99529e9f0001ec705a",115,107,64
"591e2e99529e9f0001ec705a",2,10,135
"591e2e99529e9f0001ec705a",131,132,97
"591e2e99529e9f0001ec705a",33,34,73
"591e2e99529e9f0001ec705a",199,20,161
"591e2e99529e9f0001ec705a",44,52,184
"591e2e99529e9f0001ec705a",64,77,115
"591e2e99529e9f0001ec705a",135,77,2
"591e2e99529e9f0001ec705a",97,59,131
"591e2e99529e9f0001ec705a",73,76,33
"5936678267011200014d3c23",55,79,122
"5936678267011200014d3c23",186,31,118
"5936678267011200014d3c23",161,77,34
"5936678267011200014d3c23",184,29,17
"5936678267011200014d3c23",96,99,62
"5936678267011200014d3c23",158,174,27
"5936678267011200014d3c23",33,99,73
"5936678267011200014d3c23",122,109,55
"5936678267011200014d3c23",118,171,186
"5936678267011200014d3c23",34,99,161
"5936678267011200014d3c23",17,16,184
"5936678267011200014d3c23",62,174,96
"5936678267011200014d3c23",27,29,158
"5936678267011200014d3c23",73,83,33
"593adf816b84600001e765ac",131,109,65
"593adf816b84600001e765ac",2,14,118
"593adf816b84600001e765ac",81,58,31
"593adf816b84600001e765ac",95,40,9
"593adf816b84600001e765ac",181,197,176
"593adf816b84600001e765ac",65,49,131
"593adf816b84600001e765ac",118,171,2
"593adf816b84600001e765ac",31,197,81
"593adf816b84600001e765ac",9,14,95
"593adf816b84600001e765ac",176,136,181
"593af52c64f2170001a9d909",57,51,103
"593af52c64f2170001a9d909",95,40,102
"593af52c64f2170001a9d909",2,10,69
"593af52c64f2170001a9d909",119,155,76
"593af52c64f2170001a9d909",156,168,181
"593af52c64f2170001a9d909",103,17,57
"593af52c64f2170001a9d909",102,107,95
"593af52c64f2170001a9d909",69,75,2
"593af52c64f2170001a9d909",76,73,119
"593af52c64f2170001a9d909",181,197,156
"594abd98215cbd000146debc",55,51,167
"594abd98215cbd000146debc",195,183,79
"594abd98215cbd000146debc",16,13,139
"594abd98215cbd000146debc",60,79,94
"594abd98215cbd000146debc",167,166,55
"594abd98215cbd000146debc",79,74,195
"594abd98215cbd000146debc",139,109,16
"594abd98215cbd000146debc",94,93,60
"5956845992b7c900016938b6",16,19,139
"5956845992b7c900016938b6",183,29,42
"5956845992b7c900016938b6",109,126,47
"5956845992b7c900016938b6",195,29,55
"5956845992b7c900016938b6",81,45,21
"5956845992b7c900016938b6",192,19,135
"5956845992b7c900016938b6",139,126,16
"5956845992b7c900016938b6",42,48,183
"5956845992b7c900016938b6",47,52,109
"5956845992b7c900016938b6",55,50,195
"5956845992b7c900016938b6",21,28,81
"5956845992b7c900016938b6",135,64,192
"595a89ebe4bdfd00016101e7",81,45,186
"595a89ebe4bdfd00016101e7",183,195,89
"595a89ebe4bdfd00016101e7",1,14,20
"595a89ebe4bdfd00016101e7",184,23,146
"595a89ebe4bdfd00016101e7",9,14,178
"595a89ebe4bdfd00016101e7",132,131,97
"595a89ebe4bdfd00016101e7",145,130,6
"595a89ebe4bdfd00016101e7",120,63,83
"595a89ebe4bdfd00016101e7",186,31,81
"595a89ebe4bdfd00016101e7",89,171,183
"595a89ebe4bdfd00016101e7",20,198,1
"595a89ebe4bdfd00016101e7",146,174,184
"595a89ebe4bdfd00016101e7",178,164,9
"595a89ebe4bdfd00016101e7",97,47,132
"595a89ebe4bdfd00016101e7",6,3,145
"595a89ebe4bdfd00016101e7",83,73,120
"5964ee31b752840001ca4ba4",183,195,65
"5964ee31b752840001ca4ba4",158,152,103
"5964ee31b752840001ca4ba4",20,195,140
"5964ee31b752840001ca4ba4",41,51,169
"5964ee31b752840001ca4ba4",65,51,183
"5964ee31b752840001ca4ba4",103,17,158
"5964ee31b752840001ca4ba4",140,148,20
"5964ee31b752840001ca4ba4",169,145,41
"5970abaf7008ef0001097249",122,109,59
"5970abaf7008ef0001097249",102,159,146
"5970abaf7008ef0001097249",9,14,98
"5970abaf7008ef0001097249",59,81,122
"5970abaf7008ef0001097249",146,143,102
"5970abaf7008ef0001097249",98,94,9
"59732647ff15bb0001209e05",81,44,186
"59732647ff15bb0001209e05",133,163,41
"59732647ff15bb0001209e05",1,14,57
"59732647ff15bb0001209e05",95,40,183
"59732647ff15bb0001209e05",184,29,17
"59732647ff15bb0001209e05",2,14,79
"59732647ff15bb0001209e05",179,170,27
"59732647ff15bb0001209e05",9,14,94
"59732647ff15bb0001209e05",186,31,81
"59732647ff15bb0001209e05",41,54,133
"59732647ff15bb0001209e05",57,58,1
"59732647ff15bb0001209e05",183,195,95
"59732647ff15bb0001209e05",17,102,184
"59732647ff15bb0001209e05",79,74,2
"59732647ff15bb0001209e05",27,29,179
"59732647ff15bb0001209e05",94,93,9
"59760c26ae16050001172adb",16,15,32
"59760c26ae16050001172adb",127,131,7
"59760c26ae16050001172adb",2,14,94
"59760c26ae16050001172adb",163,131,11
"59760c26ae16050001172adb",32,22,16
"59760c26ae16050001172adb",7,12,127
"59760c26ae16050001172adb",94,91,2
"59760c26ae16050001172adb",11,14,163
"597b0c6ed573480001404b95",183,192,49
"597b0c6ed573480001404b95",195,20,57
"597b0c6ed573480001404b95",86,93,9
"597b0c6ed573480001404b95",26,24,125
"597b0c6ed573480001404b95",1,14,182
"597b0c6ed573480001404b95",49,65,183
"597b0c6ed573480001404b95",57,55,195
"597b0c6ed573480001404b95",9,2,86
"597b0c6ed573480001404b95",125,132,26
"597b0c6ed573480001404b95",182,184,1
"598221640ebec0001aaaf4a",105,164,65
"598221640ebec0001aaaf4a",131,139,17
"598221640ebec0001aaaf4a",130,145,7
"598221640ebec0001aaaf4a",65,60,105
"598221640ebec0001aaaf4a",17,103,131
"598221640ebec0001aaaf4a",7,103,130
"59842f7a4cac0a0001093415",65,49,103
"59842f7a4cac0a0001093415",183,182,141
"59842f7a4cac0a0001093415",131,133,16
"59842f7a4cac0a0001093415",20,198,146
"59842f7a4cac0a0001093415",64,77,2
"59842f7a4cac0a0001093415",9,14,79
"59842f7a4cac0a0001093415",150,59,102
"59842f7a4cac0a0001093415",155,14,71
"59842f7a4cac0a0001093415",122,139,97
"59842f7a4cac0a0001093415",130,145,98
"59842f7a4cac0a0001093415",103,17,65
"59842f7a4cac0a0001093415",141,104,183
"59842f7a4cac0a0001093415",16,19,131
"59842f7a4cac0a0001093415",146,168,20
"59842f7a4cac0a0001093415",2,14,64
"59842f7a4cac0a0001093415",79,57,9
"59842f7a4cac0a0001093415",102,15,150
"59842f7a4cac0a0001093415",71,78,155
"59842f7a4cac0a0001093415",97,73,122
"59842f7a4cac0a0001093415",98,94,130
"5987030cfd8cca00015cbc26",14,10,43
"5987030cfd8cca00015cbc26",40,54,38
"5987030cfd8cca00015cbc26",119,155,64
"5987030cfd8cca00015cbc26",174,175,17
"5987030cfd8cca00015cbc26",26,33,143
"5987030cfd8cca00015cbc26",43,56,14
"5987030cfd8cca00015cbc26",38,107,40
"5987030cfd8cca00015cbc26",64,135,119
"5987030cfd8cca00015cbc26",17,0,174
"5987030cfd8cca00015cbc26",143,68,26
"598783dc23640f00010e593e",55,57,2
"598783dc23640f00010e593e",123,127,79
"598783dc23640f00010e593e",122,131,46
"598783dc23640f00010e593e",195,192,51
"598783dc23640f00010e593e",119,155,20
"598783dc23640f00010e593e",109,139,47
"598783dc23640f00010e593e",125,132,42
"598783dc23640f00010e593e",127,126,7
"598783dc23640f00010e593e",1,14,49
"598783dc23640f00010e593e",3,6,38
"598783dc23640f00010e593e",174,170,183
"598783dc23640f00010e593e",130,145,44
"598783dc23640f00010e593e",28,72,94
"598783dc23640f00010e593e",31,197,171
"598783dc23640f00010e593e",40,95,103
"598783dc23640f00010e593e",16,18,39
"598783dc23640f00010e593e",179,170,181
"598783dc23640f00010e593e",133,163,97
"598783dc23640f00010e593e",2,9,55
"598783dc23640f00010e593e",79,57,123
"598783dc23640f00010e593e",46,43,122
"598783dc23640f00010e593e",51,57,195
"598783dc23640f00010e593e",20,198,119
"598783dc23640f00010e593e",47,147,109
"598783dc23640f00010e593e",42,48,125
"598783dc23640f00010e593e",7,17,127
"598783dc23640f00010e593e",49,57,1
"598783dc23640f00010e593e",38,107,3
"598783dc23640f00010e593e",183,182,174
"598783dc23640f00010e593e",44,81,130
"598783dc23640f00010e593e",94,98,28
"598783dc23640f00010e593e",171,118,31
"598783dc23640f00010e593e",103,17,40
"598783dc23640f00010e593e",39,92,16
"598783dc23640f00010e593e",181,197,179
"598783dc23640f00010e593e",97,147,133
"598a38b4dcdd640001e10b54",119,155,199
"598a38b4dcdd640001e10b54",2,9,91
"598a38b4dcdd640001e10b54",190,180,171
"598a38b4dcdd640001e10b54",16,13,172
"598a38b4dcdd640001e10b54",195,183,65
"598a38b4dcdd640001e10b54",29,183,69
"598a38b4dcdd640001e10b54",135,161,32
"598a38b4dcdd640001e10b54",199,198,119
"598a38b4dcdd640001e10b54",91,93,2
"598a38b4dcdd640001e10b54",171,89,190
"598a38b4dcdd640001e10b54",172,162,16
"598a38b4dcdd640001e10b54",65,66,195
"598a38b4dcdd640001e10b54",69,75,29
"598a38b4dcdd640001e10b54",32,25,135
"598e2bd7cceb0f0001b3980e",190,180,118
"598e2bd7cceb0f0001b3980e",6,3,193
"598e2bd7cceb0f0001b3980e",14,1,89
"598e2bd7cceb0f0001b3980e",118,171,190
"598e2bd7cceb0f0001b3980e",193,20,6
"598e2bd7cceb0f0001b3980e",89,171,14
"59921d7bb83f800001a5e452",31,186,118
"59921d7bb83f800001a5e452",85,82,7
"59921d7bb83f800001a5e452",55,53,2
"59921d7bb83f800001a5e452",11,5,140
"59921d7bb83f800001a5e452",9,14,71
"59921d7bb83f800001a5e452",118,171,31
"59921d7bb83f800001a5e452",7,17,85
"59921d7bb83f800001a5e452",2,14,55
"59921d7bb83f800001a5e452",140,148,11
"59921d7bb83f800001a5e452",71,5,9
"59945df37c41bc00012e5c71",192,184,17
"59945df37c41bc00012e5c71",188,35,57
"59945df37c41bc00012e5c71",55,79,122
"59945df37c41bc00012e5c71",119,155,78
"59945df37c41bc00012e5c71",131,105,16
"59945df37c41bc00012e5c71",123,105,65
"59945df37c41bc00012e5c71",193,184,178
"59945df37c41bc00012e5c71",127,105,95
"59945df37c41bc00012e5c71",60,79,111
"59945df37c41bc00012e5c71",39,92,68
"59945df37c41bc00012e5c71",17,7,192
"59945df37c41bc00012e5c71",57,79,188
"59945df37c41bc00012e5c71",122,105,55
"59945df37c41bc00012e5c71",78,71,119
"59945df37c41bc00012e5c71",16,15,131
"59945df37c41bc00012e5c71",65,79,123
"59945df37c41bc00012e5c71",178,105,193
"59945df37c41bc00012e5c71",95,40,127
"59945df37c41bc00012e5c71",111,105,60
"59945df37c41bc00012e5c71",68,143,39
"59960e46f998d50001e0da9b",2,9,178
"59960e46f998d50001e0da9b",131,127,95
"59960e46f998d50001e0da9b",158,152,38
"59960e46f998d50001e0da9b",111,105,199
"59960e46f998d50001e0da9b",64,161,34
"59960e46f998d50001e0da9b",62,174,85
"59960e46f998d50001e0da9b",17,16,89
"59960e46f998d50001e0da9b",27,29,170
"59960e46f998d50001e0da9b",157,152,124
"59960e46f998d50001e0da9b",5,11,76
"59960e46f998d50001e0da9b",178,164,2
"59960e46f998d50001e0da9b",95,81,131
"59960e46f998d50001e0da9b",38,24,158
"59960e46f998d50001e0da9b",199,189,111
"59960e46f998d50001e0da9b",34,22,64
"59960e46f998d50001e0da9b",85,86,62
"59960e46f998d50001e0da9b",89,171,17
"59960e46f998d50001e0da9b",170,174,27
"59960e46f998d50001e0da9b",124,100,157
"59960e46f998d50001e0da9b",76,73,5
"599c97f5d0bcd10001dd9514",124,100,57
"599c97f5d0bcd10001dd9514",119,155,46
"599c97f5d0bcd10001dd9514",21,28,141
"599c97f5d0bcd10001dd9514",57,51,124
"599c97f5d0bcd10001dd9514",46,56,119
"599c97f5d0bcd10001dd9514",141,104,21
"599ea2b4fc15d200014b9e7f",96,99,135
"599ea2b4fc15d200014b9e7f",157,154,105
"599ea2b4fc15d200014b9e7f",2,10,94
"599ea2b4fc15d200014b9e7f",195,29,41
"599ea2b4fc15d200014b9e7f",135,77,96
"599ea2b4fc15d200014b9e7f",105,139,157
"599ea2b4fc15d200014b9e7f",94,91,2
"599ea2b4fc15d200014b9e7f",41,51,195
"59a52c18514a2200017e6b2e",26,33,186
"59a52c18514a2200017e6b2e",127,131,65
"59a52c18514a2200017e6b2e",155,119,93
"59a52c18514a2200017e6b2e",130,145,16
"59a52c18514a2200017e6b2e",174,175,103
"59a52c18514a2200017e6b2e",1,14,89
"59a52c18514a2200017e6b2e",5,11,76
"59a52c18514a2200017e6b2e",186,31,26
"59a52c18514a2200017e6b2e",65,66,127
"59a52c18514a2200017e6b2e",93,91,155
"59a52c18514a2200017e6b2e",16,18,130
"59a52c18514a2200017e6b2e",103,17,174
"59a52c18514a2200017e6b2e",89,91,1
"59a52c18514a2200017e6b2e",76,73,5
"59a6a3360c87a00001748009",16,15,34
"59a6a3360c87a00001748009",157,154,180
"59a6a3360c87a00001748009",21,28,49
"59a6a3360c87a00001748009",34,32,16
"59a6a3360c87a00001748009",180,190,157
"59a6a3360c87a00001748009",49,74,21
"59a772cd1363d90001676936",186,31,42
"59a772cd1363d90001676936",49,65,188
"59a772cd1363d90001676936",174,168,38
"59a772cd1363d90001676936",7,17,149
"59a772cd1363d90001676936",161,64,9
"59a772cd1363d90001676936",16,18,139
"59a772cd1363d90001676936",44,45,145
"59a772cd1363d90001676936",122,109,97
"59a772cd1363d90001676936",12,17,93
"59a772cd1363d90001676936",42,54,186
"59a772cd1363d90001676936",188,193,49
"59a772cd1363d90001676936",38,37,174
"59a772cd1363d90001676936",149,142,7
"59a772cd1363d90001676936",9,2,161
"59a772cd1363d90001676936",139,112,16
"59a772cd1363d90001676936",145,130,44
"59a772cd1363d90001676936",97,73,122
"59a772cd1363d90001676936",93,85,12
"59ac80669fdf6c0001cba8d0",12,7,47
"59ac80669fdf6c0001cba8d0",14,1,49
"59ac80669fdf6c0001cba8d0",158,170,38
"59ac80669fdf6c0001cba8d0",131,101,42
"59ac80669fdf6c0001cba8d0",66,74,96
"59ac80669fdf6c0001cba8d0",174,175,27
"59ac80669fdf6c0001cba8d0",113,136,21
"59ac80669fdf6c0001cba8d0",92,39,178
"59ac80669fdf6c0001cba8d0",99,33,76
"59ac80669fdf6c0001cba8d0",126,120,83
"59ac80669fdf6c0001cba8d0",47,59,12
"59ac80669fdf6c0001cba8d0",49,65,14
"59ac80669fdf6c0001cba8d0",38,37,158
"59ac80669fdf6c0001cba8d0",42,48,131
"59ac80669fdf6c0001cba8d0",96,33,66
"59ac80669fdf6c0001cba8d0",27,34,174
"59ac80669fdf6c0001cba8d0",21,28,113
"59ac80669fdf6c0001cba8d0",178,136,92
"59ac80669fdf6c0001cba8d0",76,73,99
"59ac80669fdf6c0001cba8d0",83,73,126
"59acabcd8a929800014ad8db",122,139,46
"59acabcd8a929800014ad8db",109,139,47
"59acabcd8a929800014ad8db",118,171,78
"59acabcd8a929800014ad8db",105,164,65
"59acabcd8a929800014ad8db",30,22,91
"59acabcd8a929800014ad8db",57,48,169
"59acabcd8a929800014ad8db",46,56,122
"59acabcd8a929800014ad8db",47,53,109
"59acabcd8a929800014ad8db",78,5,118
"59acabcd8a929800014ad8db",65,74,105
"59acabcd8a929800014ad8db",91,94,30
"59acabcd8a929800014ad8db",169,145,57
"59b7f72e91f20c00012fe17b",131,127,42
"59b7f72e91f20c00012fe17b",119,155,64
"59b7f72e91f20c00012fe17b",17,7,147
"59b7f72e91f20c00012fe17b",1,14,180
"59b7f72e91f20c00012fe17b",86,93,149
"59b7f72e91f20c00012fe17b",125,127,65
"59b7f72e91f20c00012fe17b",102,116,68
"59b7f72e91f20c00012fe17b",42,54,131
"59b7f72e91f20c00012fe17b",64,77,119
"59b7f72e91f20c00012fe17b",147,151,17
"59b7f72e91f20c00012fe17b",180,190,1
"59b7f72e91f20c00012fe17b",149,157,86
"59b7f72e91f20c00012fe17b",65,74,125
"59b7f72e91f20c00012fe17b",68,143,102
"59bba6a60ac77f0001f053ba",123,127,49
"59bba6a60ac77f0001f053ba",172,162,38
"59bba6a60ac77f0001f053ba",102,107,147
"59bba6a60ac77f0001f053ba",132,127,97
"59bba6a60ac77f0001f053ba",180,190,150
"59bba6a60ac77f0001f053ba",12,17,139
"59bba6a60ac77f0001f053ba",133,167,47
"59bba6a60ac77f0001f053ba",158,152,31
"59bba6a60ac77f0001f053ba",49,79,123
"59bba6a60ac77f0001f053ba",38,37,172
"59bba6a60ac77f0001f053ba",147,47,102
"59bba6a60ac77f0001f053ba",97,59,132
"59bba6a60ac77f0001f053ba",150,59,180
"59bba6a60ac77f0001f053ba",139,122,12
"59bba6a60ac77f0001f053ba",47,44,133
"59bba6a60ac77f0001f053ba",31,197,158
"59be3b0bd9e6ba0001b5f1e8",161,77,9
"59be3b0bd9e6ba0001b5f1e8",183,182,42
"59be3b0bd9e6ba0001b5f1e8",6,3,193
"59be3b0bd9e6ba0001b5f1e8",120,129,83
"59be3b0bd9e6ba0001b5f1e8",9,2,161
"59be3b0bd9e6ba0001b5f1e8",42,48,183
"59be3b0bd9e6ba0001b5f1e8",193,184,6
"59be3b0bd9e6ba0001b5f1e8",83,73,120
"59c1befac458e800017b577b",111,105,79
"59c1befac458e800017b577b",62,168,85
"59c1befac458e800017b577b",40,53,128
"59c1befac458e800017b577b",79,57,111
"59c1befac458e800017b577b",85,86,62
"59c1befac458e800017b577b",128,100,40
"59c22487cb3cd4000101d12c",31,186,171
"59c22487cb3cd4000101d12c",7,12,170
"59c22487cb3cd4000101d12c",41,43,175
"59c22487cb3cd4000101d12c",9,14,91
"59c22487cb3cd4000101d12c",171,162,31
"59c22487cb3cd4000101d12c",170,168,7
"59c22487cb3cd4000101d12c",175,174,41
"59c22487cb3cd4000101d12c",91,93,9
"59c3d1dd5364260001dc4e64",55,50,9
"59c3d1dd5364260001dc4e64",113,162,186
"59c3d1dd5364260001dc4e64",183,195,42
"59c3d1dd5364260001dc4e64",100,124,91
"59c3d1dd5364260001dc4e64",192,195,147
"59c3d1dd5364260001dc4e64",157,158,86
"59c3d1dd5364260001dc4e64",46,50,117
"59c3d1dd5364260001dc4e64",102,119,152
"59c3d1dd5364260001dc4e64",95,40,125
"59c3d1dd5364260001dc4e64",29,195,170
"59c3d1dd5364260001dc4e64",94,93,149
"59c3d1dd5364260001dc4e64",9,2,55
"59c3d1dd5364260001dc4e64",186,31,113
"59c3d1dd5364260001dc4e64",42,50,183
"59c3d1dd5364260001dc4e64",91,93,100
"59c3d1dd5364260001dc4e64",147,59,192
"59c3d1dd5364260001dc4e64",86,85,157
"59c3d1dd5364260001dc4e64",117,119,46
"59c3d1dd5364260001dc4e64",152,158,102
"59c3d1dd5364260001dc4e64",125,120,95
"59c3d1dd5364260001dc4e64",170,174,29
"59c3d1dd5364260001dc4e64",149,158,94
"59c3e4fe5364260001dc4e7c",44,52,190
"59c3e4fe5364260001dc4e7c",104,141,41
"59c3e4fe5364260001dc4e7c",105,127,95
"59c3e4fe5364260001dc4e7c",131,133,42
"59c3e4fe5364260001dc4e7c",120,63,83
"59c3e4fe5364260001dc4e7c",54,46,145
"59c3e4fe5364260001dc4e7c",172,162,197
"59c3e4fe5364260001dc4e7c",190,180,44
"59c3e4fe5364260001dc4e7c",41,54,104
"59c3e4fe5364260001dc4e7c",95,40,105
"59c3e4fe5364260001dc4e7c",42,52,131
"59c3e4fe5364260001dc4e7c",83,73,120
"59c3e4fe5364260001dc4e7c",145,169,54
"59c3e4fe5364260001dc4e7c",197,181,172
"59cb9ad25e01580001977981",122,109,47
"59cb9ad25e01580001977981",161,77,180
"59cb9ad25e01580001977981",96,34,151
"59cb9ad25e01580001977981",47,59,122
"59cb9ad25e01580001977981",180,190,161
"59cb9ad25e01580001977981",151,147,96
"59ce934d46447f00011f01a6",127,109,44
"59ce934d46447f00011f01a6",139,122,59
"59ce934d46447f00011f01a6",172,162,149
"59ce934d46447f00011f01a6",141,104,199
"59ce934d46447f00011f01a6",150,59,102
"59ce934d46447f00011f01a6",103,17,151
"59ce934d46447f00011f01a6",167,168,11
"59ce934d46447f00011f01a6",183,195,146
"59ce934d46447f00011f01a6",95,40,192
"59ce934d46447f00011f01a6",197,31,176
"59ce934d46447f00011f01a6",44,52,127
"59ce934d46447f00011f01a6",59,147,139
"59ce934d46447f00011f01a6",149,157,172
"59ce934d46447f00011f01a6",199,188,141
"59ce934d46447f00011f01a6",102,107,150
"59ce934d46447f00011f01a6",151,147,103
"59ce934d46447f00011f01a6",11,16,167
"59ce934d46447f00011f01a6",146,154,183
"59ce934d46447f00011f01a6",192,195,95
"59ce934d46447f00011f01a6",176,167,197
"59d897dee2762800015eb6ec",49,79,9
"59d897dee2762800015eb6ec",186,31,42
"59d897dee2762800015eb6ec",184,23,44
"59d897dee2762800015eb6ec",96,34,135
"59d897dee2762800015eb6ec",157,154,105
"59d897dee2762800015eb6ec",57,79,103
"59d897dee2762800015eb6ec",192,183,65
"59d897dee2762800015eb6ec",123,164,26
"59d897dee2762800015eb6ec",102,15,147
"59d897dee2762800015eb6ec",9,2,49
"59d897dee2762800015eb6ec",42,48,186
"59d897dee2762800015eb6ec",44,52,184
"59d897dee2762800015eb6ec",135,77,96
"59d897dee2762800015eb6ec",105,164,157
"59d897dee2762800015eb6ec",103,17,57
"59d897dee2762800015eb6ec",65,79,192
"59d897dee2762800015eb6ec",26,22,123
"59d897dee2762800015eb6ec",147,143,102
"59d8ec713e5ea00001e1d09c",12,7,42
"59d8ec713e5ea00001e1d09c",122,163,47
"59d8ec713e5ea00001e1d09c",96,33,148
"59d8ec713e5ea00001e1d09c",27,29,68
"59d8ec713e5ea00001e1d09c",42,54,12
"59d8ec713e5ea00001e1d09c",47,53,122
"59d8ec713e5ea00001e1d09c",148,140,96
"59d8ec713e5ea00001e1d09c",68,143,27
"59da4884030c8a0001cf0def",186,31,42
"59da4884030c8a0001cf0def",122,109,46
"59da4884030c8a0001cf0def",123,127,44
"59da4884030c8a0001cf0def",7,17,149
"59da4884030c8a0001cf0def",62,168,85
"59da4884030c8a0001cf0def",42,54,186
"59da4884030c8a0001cf0def",46,43,122
"59da4884030c8a0001cf0def",44,52,123
"59da4884030c8a0001cf0def",149,157,7
"59da4884030c8a0001cf0def",85,99,62
"59db399b5df14b0001d069e1",44,52,183
"59db399b5df14b0001d069e1",186,31,17
"59db399b5df14b0001d069e1",96,34,154
"59db399b5df14b0001d069e1",167,168,71
"59db399b5df14b0001d069e1",94,93,32
"59db399b5df14b0001d069e1",91,93,149
"59db399b5df14b0001d069e1",26,24,146
"59db399b5df14b0001d069e1",29,27,47
"59db399b5df14b0001d069e1",1,117,161
"59db399b5df14b0001d069e1",99,34,76
"59db399b5df14b0001d069e1",183,195,44
"59db399b5df14b0001d069e1",17,0,186
"59db399b5df14b0001d069e1",154,142,96
"59db399b5df14b0001d069e1",71,78,167
"59db399b5df14b0001d069e1",32,34,94
"59db399b5df14b0001d069e1",149,142,91
"59db399b5df14b0001d069e1",146,168,26
"59db399b5df14b0001d069e1",47,97,29
"59db399b5df14b0001d069e1",161,135,1
"59db399b5df14b0001d069e1",76,73,99
"59e9d2c6c0d35a0001295448",55,57,122
"59e9d2c6c0d35a0001295448",49,57,188
"59e9d2c6c0d35a0001295448",9,2,71
"59e9d2c6c0d35a0001295448",127,125,7
"59e9d2c6c0d35a0001295448",122,131,55
"59e9d2c6c0d35a0001295448",188,189,49
"59e9d2c6c0d35a0001295448",71,78,9
"59e9d2c6c0d35a0001295448",7,16,127
"59edbd25ac0af70001b36f94",47,59,31
"59edbd25ac0af70001b36f94",183,195,42
"59edbd25ac0af70001b36f94",12,7,49
"59edbd25ac0af70001b36f94",119,155,20
"59edbd25ac0af70001b36f94",95,40,32
"59edbd25ac0af70001b36f94",26,22,118
"59edbd25ac0af70001b36f94",17,7,40
"59edbd25ac0af70001b36f94",81,45,21
"59edbd25ac0af70001b36f94",31,186,47
"59edbd25ac0af70001b36f94",42,54,183
"59edbd25ac0af70001b36f94",49,65,12
"59edbd25ac0af70001b36f94",20,87,119
"59edbd25ac0af70001b36f94",32,22,95
"59edbd25ac0af70001b36f94",118,171,26
"59edbd25ac0af70001b36f94",40,53,17
"59edbd25ac0af70001b36f94",21,28,81
"59f1de0177860e00015138fe",141,104,71
"59f1de0177860e00015138fe",180,190,147
"59f1de0177860e00015138fe",111,105,199
"59f1de0177860e00015138fe",86,93,72
"59f1de0177860e00015138fe",60,67,94
"59f1de0177860e00015138fe",71,78,141
"59f1de0177860e00015138fe",147,47,180
"59f1de0177860e00015138fe",199,198,111
"59f1de0177860e00015138fe",72,28,86
"59f1de0177860e00015138fe",94,93,60
"59f8656dda08940001d4eb12",122,109,59
"59f8656dda08940001d4eb12",163,109,78
"59f8656dda08940001d4eb12",157,142,86
"59f8656dda08940001d4eb12",192,183,135
"59f8656dda08940001d4eb12",17,103,139
"59f8656dda08940001d4eb12",2,10,178
"59f8656dda08940001d4eb12",133,109,41
"59f8656dda08940001d4eb12",111,105,96
"59f8656dda08940001d4eb12",188,87,148
"59f8656dda08940001d4eb12",7,103,149
"59f8656dda08940001d4eb12",26,24,146
"59f8656dda08940001d4eb12",14,155,182
"59f8656dda08940001d4eb12",100,112,6
"59f8656dda08940001d4eb12",99,34,73
"59f8656dda08940001d4eb12",120,126,83
"59f8656dda08940001d4eb12",59,53,122
"59f8656dda08940001d4eb12",78,71,163
"59f8656dda08940001d4eb12",86,85,157
"59f8656dda08940001d4eb12",135,77,192
"59f8656dda08940001d4eb12",139,109,17
"59f8656dda08940001d4eb12",178,164,2
"59f8656dda08940001d4eb12",41,42,133
"59f8656dda08940001d4eb12",96,34,111
"59f8656dda08940001d4eb12",148,140,188
"59f8656dda08940001d4eb12",149,142,7
"59f8656dda08940001d4eb12",146,174,26
"59f8656dda08940001d4eb12",182,183,14
"59f8656dda08940001d4eb12",6,3,100
"59f8656dda08940001d4eb12",73,143,99
"59f8656dda08940001d4eb12",83,143,120
"59f8d43c8c95b80001363090",9,2,65
"59f8d43c8c95b80001363090",3,6,38
"59f8d43c8c95b80001363090",125,120,16
"59f8d43c8c95b80001363090",102,107,68
"59f8d43c8c95b80001363090",85,86,151
"59f8d43c8c95b80001363090",168,146,71
"59f8d43c8c95b80001363090",60,66,94
"59f8d43c8c95b80001363090",20,188,97
"59f8d43c8c95b80001363090",21,28,79
"59f8d43c8c95b80001363090",127,109,89
"59f8d43c8c95b80001363090",57,54,169
"59f8d43c8c95b80001363090",65,49,9
"59f8d43c8c95b80001363090",38,107,3
"59f8d43c8c95b80001363090",16,18,125
"59f8d43c8c95b80001363090",68,143,102
"59f8d43c8c95b80001363090",151,69,85
"59f8d43c8c95b80001363090",71,78,168
"59f8d43c8c95b80001363090",94,93,60
"59f8d43c8c95b80001363090",97,69,20
"59f8d43c8c95b80001363090",79,49,21
"59f8d43c8c95b80001363090",89,140,127
"59f8d43c8c95b80001363090",169,145,57
"59fecc60ab721b0001ef6ddc",168,174,71
"59fecc60ab721b0001ef6ddc",123,127,17
"59fecc60ab721b0001ef6ddc",131,127,55
"59fecc60ab721b0001ef6ddc",47,59,103
"59fecc60ab721b0001ef6ddc",117,119,51
"59fecc60ab721b0001ef6ddc",49,56,188
"59fecc60ab721b0001ef6ddc",105,127,65
"59fecc60ab721b0001ef6ddc",14,10,96
"59fecc60ab721b0001ef6ddc",2,10,79
"59fecc60ab721b0001ef6ddc",27,34,3
"59fecc60ab721b0001ef6ddc",152,174,116
"59fecc60ab721b0001ef6ddc",101,127,154
"59fecc60ab721b0001ef6ddc",71,78,168
"59fecc60ab721b0001ef6ddc",17,7,123
"59fecc60ab721b0001ef6ddc",55,50,131
"59fecc60ab721b0001ef6ddc",103,17,47
"59fecc60ab721b0001ef6ddc",51,50,117
"59fecc60ab721b0001ef6ddc",188,87,49
"59fecc60ab721b0001ef6ddc",65,74,105
"59fecc60ab721b0001ef6ddc",96,34,14
"59fecc60ab721b0001ef6ddc",79,74,2
"59fecc60ab721b0001ef6ddc",3,10,27
"59fecc60ab721b0001ef6ddc",116,102,152
"59fecc60ab721b0001ef6ddc",154,149,101
"5a0dafcda383a100011b5196",16,15,34
"5a0dafcda383a100011b5196",41,54,167
"5a0dafcda383a100011b5196",184,23,44
"5a0dafcda383a100011b5196",96,33,151
"5a0dafcda383a100011b5196",127,139,95
"5a0dafcda383a100011b5196",174,168,181
"5a0dafcda383a100011b5196",34,33,16
"5a0dafcda383a100011b5196",167,168,41
"5a0dafcda383a100011b5196",44,48,184
"5a0dafcda383a100011b5196",151,147,96
"5a0dafcda383a100011b5196",95,40,127
"5a0dafcda383a100011b5196",181,197,174
"5a14681d6e1ea9000124f3bc",195,183,49
"5a14681d6e1ea9000124f3bc",192,184,85
"5a14681d6e1ea9000124f3bc",174,168,17
"5a14681d6e1ea9000124f3bc",157,142,105
"5a14681d6e1ea9000124f3bc",14,1,127
"5a14681d6e1ea9000124f3bc",122,131,59
"5a14681d6e1ea9000124f3bc",190,180,64
"5a14681d6e1ea9000124f3bc",167,168,71
"5a14681d6e1ea9000124f3bc",158,170,38
"5a14681d6e1ea9000124f3bc",2,10,171
"5a14681d6e1ea9000124f3bc",130,125,42
"5a14681d6e1ea9000124f3bc",119,102,72
"5a14681d6e1ea9000124f3bc",133,131,154
"5a14681d6e1ea9000124f3bc",148,140,193
"5a14681d6e1ea9000124f3bc",47,52,101
"5a14681d6e1ea9000124f3bc",96,33,62
"5a14681d6e1ea9000124f3bc",179,170,181
"5a14681d6e1ea9000124f3bc",113,178,31
"5a14681d6e1ea9000124f3bc",152,146,116
"5a14681d6e1ea9000124f3bc",49,65,195
"5a14681d6e1ea9000124f3bc",85,86,192
"5a14681d6e1ea9000124f3bc",17,7,174
"5a14681d6e1ea9000124f3bc",105,131,157
"5a14681d6e1ea9000124f3bc",127,131,14
"5a14681d6e1ea9000124f3bc",59,81,122
"5a14681d6e1ea9000124f3bc",64,77,190
"5a14681d6e1ea9000124f3bc",71,78,167
"5a14681d6e1ea9000124f3bc",38,24,158
"5a14681d6e1ea9000124f3bc",171,89,2
"5a14681d6e1ea9000124f3bc",42,48,130
"5a14681d6e1ea9000124f3bc",72,28,119
"5a14681d6e1ea9000124f3bc",154,142,133
"5a14681d6e1ea9000124f3bc",193,184,148
"5a14681d6e1ea9000124f3bc",101,131,47
"5a14681d6e1ea9000124f3bc",62,170,96
"5a14681d6e1ea9000124f3bc",181,197,179
"5a14681d6e1ea9000124f3bc",31,197,113
"5a14681d6e1ea9000124f3bc",116,102,152
"5a15f9a0844c7a00015e5bca",131,127,65
"5a15f9a0844c7a00015e5bca",184,29,141
"5a15f9a0844c7a00015e5bca",119,117,20
"5a15f9a0844c7a00015e5bca",64,135,34
"5a15f9a0844c7a00015e5bca",157,158,105
"5a15f9a0844c7a00015e5bca",115,107,62
"5a15f9a0844c7a00015e5bca",1,117,192
"5a15f9a0844c7a00015e5bca",86,94,2
"5a15f9a0844c7a00015e5bca",12,17,149
"5a15f9a0844c7a00015e5bca",65,49,131
"5a15f9a0844c7a00015e5bca",141,104,184
"5a15f9a0844c7a00015e5bca",20,87,119
"5a15f9a0844c7a00015e5bca",34,96,64
"5a15f9a0844c7a00015e5bca",105,164,157
"5a15f9a0844c7a00015e5bca",62,174,115
"5a15f9a0844c7a00015e5bca",192,193,1
"5a15f9a0844c7a00015e5bca",2,10,86
"5a15f9a0844c7a00015e5bca",149,158,12
"5a1e6508517dfb00013dd1d1",186,31,179
"5a1e6508517dfb00013dd1d1",124,100,49
"5a1e6508517dfb00013dd1d1",94,91,149
"5a1e6508517dfb00013dd1d1",118,89,199
"5a1e6508517dfb00013dd1d1",179,170,186
"5a1e6508517dfb00013dd1d1",49,74,124
"5a1e6508517dfb00013dd1d1",149,157,94
"5a1e6508517dfb00013dd1d1",199,188,118
"5a25260fd5510b00019780d3",183,195,79
"5a25260fd5510b00019780d3",49,57,188
"5a25260fd5510b00019780d3",184,29,17
"5a25260fd5510b00019780d3",100,124,91
"5a25260fd5510b00019780d3",112,113,65
"5a25260fd5510b00019780d3",146,69,193
"5a25260fd5510b00019780d3",27,29,75
"5a25260fd5510b00019780d3",133,109,89
"5a25260fd5510b00019780d3",79,55,183
"5a25260fd5510b00019780d3",188,198,49
"5a25260fd5510b00019780d3",17,103,184
"5a25260fd5510b00019780d3",91,94,100
"5a25260fd5510b00019780d3",65,57,112
"5a25260fd5510b00019780d3",193,29,146
"5a25260fd5510b00019780d3",75,69,27
"5a25260fd5510b00019780d3",89,147,133
"5a354543e7bc8000010a7a71",49,65,188
"5a354543e7bc8000010a7a71",183,192,42
"5a354543e7bc8000010a7a71",9,2,178
"5a354543e7bc8000010a7a71",157,142,105
"5a354543e7bc8000010a7a71",195,192,51
"5a354543e7bc8000010a7a71",60,65,94
"5a354543e7bc8000010a7a71",12,7,41
"5a354543e7bc8000010a7a71",184,192,146
"5a354543e7bc8000010a7a71",47,53,139
"5a354543e7bc8000010a7a71",40,54,199
"5a354543e7bc8000010a7a71",123,164,44
"5a354543e7bc8000010a7a71",14,11,43
"5a354543e7bc8000010a7a71",161,64,32
"5a354543e7bc8000010a7a71",26,71,143
"5a354543e7bc8000010a7a71",158,156,17
"5a354543e7bc8000010a7a71",171,118,92
"5a354543e7bc8000010a7a71",50,54,169
"5a354543e7bc8000010a7a71",130,145,197
"5a354543e7bc8000010a7a71",188,107,49
"5a354543e7bc8000010a7a71",42,54,183
"5a354543e7bc8000010a7a71",178,136,9
"5a354543e7bc8000010a7a71",105,164,157
"5a354543e7bc8000010a7a71",51,55,195
"5a354543e7bc8000010a7a71",94,93,60
"5a354543e7bc8000010a7a71",41,54,12
"5a354543e7bc8000010a7a71",146,69,184
"5a354543e7bc8000010a7a71",139,164,47
"5a354543e7bc8000010a7a71",199,198,40
"5a354543e7bc8000010a7a71",44,53,123
"5a354543e7bc8000010a7a71",43,46,14
"5a354543e7bc8000010a7a71",32,34,161
"5a354543e7bc8000010a7a71",143,68,26
"5a354543e7bc8000010a7a71",17,16,158
"5a354543e7bc8000010a7a71",92,39,171
"5a354543e7bc8000010a7a71",169,145,50
"5a354543e7bc8000010a7a71",197,31,130
"5a38fa8950833c0001eeadda",183,182,49
"5a38fa8950833c0001eeadda",157,142,123
"5a38fa8950833c0001eeadda",26,33,146
"5a38fa8950833c0001eeadda",64,135,96
"5a38fa8950833c0001eeadda",81,44,21
"5a38fa8950833c0001eeadda",29,27,89
"5a38fa8950833c0001eeadda",49,65,183
"5a38fa8950833c0001eeadda",123,164,157
"5a38fa8950833c0001eeadda",146,69,26
"5a38fa8950833c0001eeadda",96,33,64
"5a38fa8950833c0001eeadda",21,28,81
"5a38fa8950833c0001eeadda",89,118,29
"5a4cc59d30adf700015cc9c0",79,67,199
"5a4cc59d30adf700015cc9c0",195,192,51
"5a4cc59d30adf700015cc9c0",127,126,65
"5a4cc59d30adf700015cc9c0",131,163,154
"5a4cc59d30adf700015cc9c0",86,93,149
"5a4cc59d30adf700015cc9c0",102,107,147
"5a4cc59d30adf700015cc9c0",199,189,79
"5a4cc59d30adf700015cc9c0",51,53,195
"5a4cc59d30adf700015cc9c0",65,67,127
"5a4cc59d30adf700015cc9c0",154,157,131
"5a4cc59d30adf700015cc9c0",149,157,86
"5a4cc59d30adf700015cc9c0",147,171,102
"5a4d5a5130afdf700015ccf57",85,86,7
"5a4d5a5130afdf700015ccf57",163,109,11
"5a4d5a5130afdf700015ccf57",111,105,154
"5a4d5a5130afdf700015ccf57",7,17,85
"5a4d5a5130afdf700015ccf57",11,16,163
"5a4d5a5130afdf700015ccf57",154,157,111
"5a4e7d41f4c9dc0001b7a405",192,184,85
"5a4e7d41f4c9dc0001b7a405",16,19,139
"5a4e7d41f4c9dc0001b7a405",1,117,57
"5a4e7d41f4c9dc0001b7a405",18,16,40
"5a4e7d41f4c9dc0001b7a405",65,79,103
"5a4e7d41f4c9dc0001b7a405",120,126,83
"5a4e7d41f4c9dc0001b7a405",85,86,192
"5a4e7d41f4c9dc0001b7a405",139,105,16
"5a4e7d41f4c9dc0001b7a405",57,79,1
"5a4e7d41f4c9dc0001b7a405",40,95,18
"5a4e7d41f4c9dc0001b7a405",103,7,65
"5a4e7d41f4c9dc0001b7a405",83,73,120
"5a4f93578e62590001755ab4",124,100,79
"5a4f93578e62590001755ab4",127,123,65
"5a4f93578e62590001755ab4",180,190,42
"5a4f93578e62590001755ab4",41,46,167
"5a4f93578e62590001755ab4",49,57,128
"5a4f93578e62590001755ab4",27,29,170
"5a4f93578e62590001755ab4",152,158,116
"5a4f93578e62590001755ab4",123,105,97
"5a4f93578e62590001755ab4",101,132,83
"5a4f93578e62590001755ab4",79,57,124
"5a4f93578e62590001755ab4",65,57,127
"5a4f93578e62590001755ab4",42,48,180
"5a4f93578e62590001755ab4",167,166,41
"5a4f93578e62590001755ab4",128,100,49
"5a4f93578e62590001755ab4",170,179,27
"5a4f93578e62590001755ab4",116,102,152
"5a4f93578e62590001755ab4",97,73,123
"5a4f93578e62590001755ab4",83,73,101
"5a4f94c3e0cf3d000125d305",47,59,139
"5a4f94c3e0cf3d000125d305",161,77,199
"5a4f94c3e0cf3d000125d305",119,155,20
"5a4f94c3e0cf3d000125d305",29,90,1
"5a4f94c3e0cf3d000125d305",60,65,111
"5a4f94c3e0cf3d000125d305",131,105,154
"5a4f94c3e0cf3d000125d305",180,190,64
"5a4f94c3e0cf3d000125d305",127,132,97
"5a4f94c3e0cf3d000125d305",125,132,16
"5a4f94c3e0cf3d000125d305",2,14,135
"5a4f94c3e0cf3d000125d305",85,86,103
"5a4f94c3e0cf3d000125d305",123,105,95
"5a4f94c3e0cf3d000125d305",94,86,149
"5a4f94c3e0cf3d000125d305",167,134,71
"5a4f94c3e0cf3d000125d305",27,34,3
"5a4f94c3e0cf3d000125d305",130,132,28
"5a4f94c3e0cf3d000125d305",39,92,69
"5a4f94c3e0cf3d000125d305",139,112,47
"5a4f94c3e0cf3d000125d305",199,189,161
"5a4f94c3e0cf3d000125d305",20,87,119
"5a4f94c3e0cf3d000125d305",1,14,29
"5a4f94c3e0cf3d000125d305",111,105,60
"5a4f94c3e0cf3d000125d305",154,157,131
"5a4f94c3e0cf3d000125d305",64,77,180
"5a4f94c3e0cf3d000125d305",97,59,127
"5a4f94c3e0cf3d000125d305",16,0,125
"5a4f94c3e0cf3d000125d305",135,77,2
"5a4f94c3e0cf3d000125d305",103,17,85
"5a4f94c3e0cf3d000125d305",95,40,123
"5a4f94c3e0cf3d000125d305",149,142,94
"5a4f94c3e0cf3d000125d305",71,74,167
"5a4f94c3e0cf3d000125d305",3,6,27
"5a4f94c3e0cf3d000125d305",28,72,130
"5a4f94c3e0cf3d000125d305",69,59,39
"5a524f8be0cf3d000125f319",9,2,118
"5a524f8be0cf3d000125f319",57,55,103
"5a524f8be0cf3d000125f319",145,130,6
"5a524f8be0cf3d000125f319",28,21,117
"5a524f8be0cf3d000125f319",39,92,68
"5a524f8be0cf3d000125f319",118,171,9
"5a524f8be0cf3d000125f319",103,17,57
"5a524f8be0cf3d000125f319",6,3,145
"5a524f8be0cf3d000125f319",117,1,28
"5a524f8be0cf3d000125f319",68,152,39
"5a5ca03de0cf3d0001268b87",127,131,65
"5a5ca03de0cf3d0001268b87",96,99,154
"5a5ca03de0cf3d0001268b87",195,29,51
"5a5ca03de0cf3d0001268b87",147,59,7
"5a5ca03de0cf3d0001268b87",132,131,79
"5a5ca03de0cf3d0001268b87",150,59,85
"5a5ca03de0cf3d0001268b87",94,93,149
"5a5ca03de0cf3d0001268b87",18,16,40
"5a5ca03de0cf3d0001268b87",192,193,152
"5a5ca03de0cf3d0001268b87",1,14,183
"5a5ca03de0cf3d0001268b87",172,171,72
"5a5ca03de0cf3d0001268b87",81,50,21
"5a5ca03de0cf3d0001268b87",65,60,127
"5a5ca03de0cf3d0001268b87",154,157,96
"5a5ca03de0cf3d0001268b87",51,50,195
"5a5ca03de0cf3d0001268b87",7,17,147
"5a5ca03de0cf3d0001268b87",79,74,132
"5a5ca03de0cf3d0001268b87",85,86,150
"5a5ca03de0cf3d0001268b87",149,157,94
"5a5ca03de0cf3d0001268b87",40,95,18
"5a5ca03de0cf3d0001268b87",152,158,192
"5a5ca03de0cf3d0001268b87",183,29,1
"5a5ca03de0cf3d0001268b87",72,28,172
"5a5ca03de0cf3d0001268b87",21,28,81
"5a61904563394a000155358c",2,9,89
"5a61904563394a000155358c",131,127,42
"5a61904563394a000155358c",14,10,94
"5a61904563394a000155358c",89,171,2
"5a61904563394a000155358c",42,58,131
"5a61904563394a000155358c",94,98,14
"5a625da431b87a0001c6de3a",1,14,49
"5a625da431b87a0001c6de3a",192,195,85
"5a625da431b87a0001c6de3a",161,77,2
"5a625da431b87a0001c6de3a",175,174,71
"5a625da431b87a0001c6de3a",188,87,148
"5a625da431b87a0001c6de3a",9,14,118
"5a625da431b87a0001c6de3a",20,87,140
"5a625da431b87a0001c6de3a",157,152,86
"5a625da431b87a0001c6de3a",49,65,1
"5a625da431b87a0001c6de3a",85,82,192
"5a625da431b87a0001c6de3a",2,14,161
"5a625da431b87a0001c6de3a",71,78,175
"5a625da431b87a0001c6de3a",148,3,188
"5a625da431b87a0001c6de3a",118,171,9
"5a625da431b87a0001c6de3a",140,171,20
"5a625da431b87a0001c6de3a",86,93,157
"5a63a11ac0d836000107b9fb",2,9,135
"5a63a11ac0d836000107b9fb",122,109,59
"5a63a11ac0d836000107b9fb",188,87,57
"5a63a11ac0d836000107b9fb",131,109,16
"5a63a11ac0d836000107b9fb",174,168,103
"5a63a11ac0d836000107b9fb",64,77,34
"5a63a11ac0d836000107b9fb",100,134,78
"5a63a11ac0d836000107b9fb",104,141,13
"5a63a11ac0d836000107b9fb",127,132,7
"5a63a11ac0d836000107b9fb",123,105,44
"5a63a11ac0d836000107b9fb",94,91,149
"5a63a11ac0d836000107b9fb",49,46,167
"5a63a11ac0d836000107b9fb",20,87,97
"5a63a11ac0d836000107b9fb",130,132,79
"5a63a11ac0d836000107b9fb",39,92,75
"5a63a11ac0d836000107b9fb",33,87,73
"5a63a11ac0d836000107b9fb",135,77,2
"5a63a11ac0d836000107b9fb",59,53,122
"5a63a11ac0d836000107b9fb",57,53,188
"5a63a11ac0d836000107b9fb",16,18,131
"5a63a11ac0d836000107b9fb",103,17,174
"5a63a11ac0d836000107b9fb",34,96,64
"5a63a11ac0d836000107b9fb",78,5,100
"5a63a11ac0d836000107b9fb",13,87,104
"5a63a11ac0d836000107b9fb",7,17,127
"5a63a11ac0d836000107b9fb",44,53,123
"5a63a11ac0d836000107b9fb",149,157,94
"5a63a11ac0d836000107b9fb",167,168,49
"5a63a11ac0d836000107b9fb",97,69,20
"5a63a11ac0d836000107b9fb",79,65,130
"5a63a11ac0d836000107b9fb",75,69,39
"5a63a11ac0d836000107b9fb",73,83,33
"5a671e9c31b87a0001c72af0",157,142,123
"5a671e9c31b87a0001c72af0",135,77,32
"5a671e9c31b87a0001c72af0",86,85,149
"5a671e9c31b87a0001c72af0",141,104,71
"5a671e9c31b87a0001c72af0",130,145,60
"5a671e9c31b87a0001c72af0",161,77,96
"5a671e9c31b87a0001c72af0",195,20,64
"5a671e9c31b87a0001c72af0",12,7,93
"5a671e9c31b87a0001c72af0",123,127,157
"5a671e9c31b87a0001c72af0",32,33,135
"5a671e9c31b87a0001c72af0",149,142,86
"5a671e9c31b87a0001c72af0",71,78,141
"5a671e9c31b87a0001c72af0",60,65,130
"5a671e9c31b87a0001c72af0",96,33,161
"5a671e9c31b87a0001c72af0",64,77,195
"5a671e9c31b87a0001c72af0",93,85,12
"5a675e1a13898300014b7dde",133,167,51
"5a675e1a13898300014b7dde",157,149,123
"5a675e1a13898300014b7dde",100,134,6
"5a675e1a13898300014b7dde",119,117,72
"5a675e1a13898300014b7dde",51,57,133
"5a675e1a13898300014b7dde",123,105,157
"5a675e1a13898300014b7dde",6,3,100
"5a675e1a13898300014b7dde",72,28,119
"5a6a84559d65ec00017e691f",12,17,53
"5a6a84559d65ec00017e691f",14,10,127
"5a6a84559d65ec00017e691f",131,132,42
"5a6a84559d65ec00017e691f",123,132,44
"5a6a84559d65ec00017e691f",1,117,161
"5a6a84559d65ec00017e691f",119,117,64
"5a6a84559d65ec00017e691f",29,193,11
"5a6a84559d65ec00017e691f",102,15,143
"5a6a84559d65ec00017e691f",130,132,60
"5a6a84559d65ec00017e691f",53,58,12
"5a6a84559d65ec00017e691f",127,132,14
"5a6a84559d65ec00017e691f",42,58,131
"5a6a84559d65ec00017e691f",44,58,123
"5a6a84559d65ec00017e691f",161,77,1
"5a6a84559d65ec00017e691f",64,77,119
"5a6a84559d65ec00017e691f",11,16,29
"5a6a84559d65ec00017e691f",143,68,102
"5a6a84559d65ec00017e691f",60,79,130
"5a6c57c2ab58b500015f4a15",9,2,79
"5a6c57c2ab58b500015f4a15",100,124,6
"5a6c57c2ab58b500015f4a15",93,85,115
"5a6c57c2ab58b500015f4a15",174,170,7
"5a6c57c2ab58b500015f4a15",109,163,83
"5a6c57c2ab58b500015f4a15",79,57,9
"5a6c57c2ab58b500015f4a15",6,3,100
"5a6c57c2ab58b500015f4a15",115,107,93
"5a6c57c2ab58b500015f4a15",7,17,174
"5a6c57c2ab58b500015f4a15",83,73,109
"5a6cfa1be6cc4a0001b6c137",44,52,183
"5a6cfa1be6cc4a0001b6c137",55,51,122
"5a6cfa1be6cc4a0001b6c137",131,122,65
"5a6cfa1be6cc4a0001b6c137",85,86,103
"5a6cfa1be6cc4a0001b6c137",9,14,69
"5a6cfa1be6cc4a0001b6c137",183,182,44
"5a6cfa1be6cc4a0001b6c137",122,138,55
"5a6cfa1be6cc4a0001b6c137",65,79,131
"5a6cfa1be6cc4a0001b6c137",103,17,85
"5a6cfa1be6cc4a0001b6c137",69,75,9
"5a6f51ec46f0230001ce445f",186,31,168
"5a6f51ec46f0230001ce445f",12,7,53
"5a6f51ec46f0230001ce445f",125,127,42
"5a6f51ec46f0230001ce445f",39,92,118
"5a6f51ec46f0230001ce445f",168,174,186
"5a6f51ec46f0230001ce445f",53,58,12
"5a6f51ec46f0230001ce445f",42,48,125
"5a6f51ec46f0230001ce445f",118,171,39
"5a6f86359cdd180001774e1f",47,59,139
"5a6f86359cdd180001774e1f",79,65,103
"5a6f86359cdd180001774e1f",81,45,21
"5a6f86359cdd180001774e1f",139,164,47
"5a6f86359cdd180001774e1f",103,17,79
"5a6f86359cdd180001774e1f",21,28,81
"5a705458efd3a7000120fdda",55,51,183
"5a705458efd3a7000120fdda",174,168,38
"5a705458efd3a7000120fdda",102,107,89
"5a705458efd3a7000120fdda",59,81,128
"5a705458efd3a7000120fdda",183,195,55
"5a705458efd3a7000120fdda",38,107,174
"5a705458efd3a7000120fdda",89,171,102
"5a705458efd3a7000120fdda",128,100,59
"5a720cf0b7fcdc0001e40d53",55,79,122
"5a720cf0b7fcdc0001e40d53",183,182,49
"5a720cf0b7fcdc0001e40d53",195,192,51
"5a720cf0b7fcdc0001e40d53",130,145,42
"5a720cf0b7fcdc0001e40d53",20,199,146
"5a720cf0b7fcdc0001e40d53",119,155,64
"5a720cf0b7fcdc0001e40d53",31,197,118
"5a720cf0b7fcdc0001e40d53",113,112,21
"5a720cf0b7fcdc0001e40d53",152,174,7
"5a720cf0b7fcdc0001e40d53",122,139,55
"5a720cf0b7fcdc0001e40d53",49,74,183
"5a720cf0b7fcdc0001e40d53",51,50,195
"5a720cf0b7fcdc0001e40d53",42,48,130
"5a720cf0b7fcdc0001e40d53",146,174,20
"5a720cf0b7fcdc0001e40d53",64,135,119
"5a720cf0b7fcdc0001e40d53",118,171,31
"5a720cf0b7fcdc0001e40d53",21,28,113
"5a720cf0b7fcdc0001e40d53",7,103,152
"5a76f5cb2a842c0001fc2fb7",109,122,47
"5a76f5cb2a842c0001fc2fb7",157,142,131
"5a76f5cb2a842c0001fc2fb7",96,99,135
"5a76f5cb2a842c0001fc2fb7",133,167,79
"5a76f5cb2a842c0001fc2fb7",168,167,71
"5a76f5cb2a842c0001fc2fb7",1,14,161
"5a76f5cb2a842c0001fc2fb7",9,14,118
"5a76f5cb2a842c0001fc2fb7",81,52,31
"5a76f5cb2a842c0001fc2fb7",20,195,146
"5a76f5cb2a842c0001fc2fb7",10,14,181
"5a76f5cb2a842c0001fc2fb7",47,59,109
"5a76f5cb2a842c0001fc2fb7",131,122,157
"5a76f5cb2a842c0001fc2fb7",135,77,96
"5a76f5cb2a842c0001fc2fb7",79,55,133
"5a76f5cb2a842c0001fc2fb7",71,78,168
"5a76f5cb2a842c0001fc2fb7",161,77,1
"5a76f5cb2a842c0001fc2fb7",118,171,9
"5a76f5cb2a842c0001fc2fb7",31,197,81
"5a76f5cb2a842c0001fc2fb7",146,69,20
"5a76f5cb2a842c0001fc2fb7",181,197,10
"5a77279af49c9a0001f2fc20",180,190,42
"5a77279af49c9a0001f2fc20",1,14,161
"5a77279af49c9a0001f2fc20",109,139,47
"5a77279af49c9a0001f2fc20",195,192,40
"5a77279af49c9a0001f2fc20",130,145,44
"5a77279af49c9a0001f2fc20",119,102,28
"5a77279af49c9a0001f2fc20",98,94,149
"5a77279af49c9a0001f2fc20",42,50,180
"5a77279af49c9a0001f2fc20",161,77,1
"5a77279af49c9a0001f2fc20",47,150,109
"5a77279af49c9a0001f2fc20",40,54,195
"5a77279af49c9a0001f2fc20",44,50,130
"5a77279af49c9a0001f2fc20",28,21,119
"5a77279af49c9a0001f2fc20",149,158,98
"5a773a93eea3d300016de480",14,10,49
"5a773a93eea3d300016de480",1,117,192
"5a773a93eea3d300016de480",195,183,174
"5a773a93eea3d300016de480",123,132,26
"5a773a93eea3d300016de480",131,132,154
"5a773a93eea3d300016de480",12,17,127
"5a773a93eea3d300016de480",86,94,149
"5a773a93eea3d300016de480",49,65,14
"5a773a93eea3d300016de480",192,184,1
"5a773a93eea3d300016de480",174,62,195
"5a773a93eea3d300016de480",26,33,123
"5a773a93eea3d300016de480",154,142,131
"5a773a93eea3d300016de480",127,132,12
"5a773a93eea3d300016de480",149,142,86
"5a782effb093f80001a75a30",123,127,55
"5a782effb093f80001a75a30",183,195,49
"5a782effb093f80001a75a30",157,142,132
"5a782effb093f80001a75a30",163,138,11
"5a782effb093f80001a75a30",119,155,20
"5a782effb093f80001a75a30",14,10,43
"5a782effb093f80001a75a30",112,138,65
"5a782effb093f80001a75a30",17,7,147
"5a782effb093f80001a75a30",117,155,51
"5a782effb093f80001a75a30",174,175,38
"5a782effb093f80001a75a30",111,105,42
"5a782effb093f80001a75a30",60,74,94
"5a782effb093f80001a75a30",21,28,97
"5a782effb093f80001a75a30",55,79,123
"5a782effb093f80001a75a30",49,74,183
"5a782effb093f80001a75a30",132,127,157
"5a782effb093f80001a75a30",11,5,163
"5a782effb093f80001a75a30",20,87,119
"5a782effb093f80001a75a30",43,46,14
"5a782effb093f80001a75a30",65,74,112
"5a782effb093f80001a75a30",147,47,17
"5a782effb093f80001a75a30",51,58,117
"5a782effb093f80001a75a30",38,107,174
"5a782effb093f80001a75a30",42,41,111
"5a782effb093f80001a75a30",94,98,60
"5a782effb093f80001a75a30",97,59,21
"5a788f5c0f1bce000121a9cf",14,1,127
"5a788f5c0f1bce000121a9cf",57,79,103
"5a788f5c0f1bce000121a9cf",117,1,51
"5a788f5c0f1bce000121a9cf",115,107,62
"5a788f5c0f1bce000121a9cf",127,123,14
"5a788f5c0f1bce000121a9cf",103,17,57
"5a788f5c0f1bce000121a9cf",51,79,117
"5a788f5c0f1bce000121a9cf",62,174,115
"5a8188328fe2dc000105d88a",16,19,34
"5a8188328fe2dc000105d88a",131,122,55
"5a8188328fe2dc000105d88a",130,132,65
"5a8188328fe2dc000105d88a",39,92,64
"5a8188328fe2dc000105d88a",34,33,16
"5a8188328fe2dc000105d88a",55,74,131
"5a8188328fe2dc000105d88a",65,79,130
"5a8188328fe2dc000105d88a",64,161,39
"5Y5UL6T5 ",174,168,103
"5Y5UL6T5 ",139,164,59
"5Y5UL6T5 ",172,162,38
"5Y5UL6T5 ",14,10,127
"5Y5UL6T5 ",96,25,3
"5Y5UL6T5 ",99,34,73
"5Y5UL6T5 ",157,146,131
"5Y5UL6T5 ",27,34,152
"5Y5UL6T5 ",103,17,174
"5Y5UL6T5 ",59,53,139
"5Y5UL6T5 ",38,25,172
"5Y5UL6T5 ",127,164,14
"5Y5UL6T5 ",3,10,96
"5Y5UL6T5 ",73,97,99
"5Y5UL6T5 ",131,109,157
"5Y5UL6T5 ",152,146,27
